{
  "train_loss": [
    3.4625,
    3.459375,
    3.459375,
    3.470833412806193,
    3.457292826970418,
    3.4645862420399984,
    3.4479299068450926,
    3.451130978266398,
    3.449245071411133,
    3.4401660124460856,
    3.429740826288859,
    3.4361287117004395,
    3.426641352971395,
    3.4370255788167317,
    3.430699380238851,
    3.406727441151937,
    3.418215751647949,
    3.422347402572632,
    3.407767899831136,
    3.419189182917277,
    3.422311560312907,
    3.434856589635213,
    3.4171801567077638,
    3.4036203702290853,
    3.42445543607076,
    3.4348951816558837,
    3.4171926657358807,
    3.4171910603841145,
    3.428686173756917,
    3.4130599021911623,
    3.4182976722717284,
    3.4297394275665285,
    3.4110195954640705,
    3.4214228947957355,
    3.423528798421224,
    3.4213977018992106,
    3.412034527460734,
    3.4141377290089925,
    3.414175208409627,
    3.4100367863972982,
    3.421418301264445,
    3.430855973561605,
    3.419370937347412,
    3.426701227823893,
    3.410008684794108,
    3.4110379854838055,
    3.4183269341786704,
    3.4120986461639404,
    3.4120998700459797,
    3.418353621164958,
    3.4225248018900554,
    3.417293389638265,
    3.4225075244903564,
    3.4277316411336263,
    3.4214908758799236,
    3.4266780694325765,
    3.424616082509359,
    3.4131644407908124,
    3.411061716079712,
    3.42460462252299,
    3.4131526629130047,
    3.410008986790975,
    3.419388198852539,
    3.418365160624186,
    3.4339779059092206,
    3.420423491795858,
    3.4131434122721354,
    3.4183670838673907,
    3.424611870447795,
    3.412106466293335,
    3.420458952585856,
    3.4131699085235594,
    3.4089942932128907,
    3.3996307214101154,
    3.425646416346232,
    3.4256498336791994,
    3.418380308151245,
    3.41316343943278,
    3.422534735997518,
    3.402738173802694,
    3.4298420429229735,
    3.4194174289703367,
    3.4183675130208333,
    3.4256536960601807
  ],
  "val_loss": [
    1.7171875,
    1.7171875,
    1.7166666666666666,
    1.7166669050852457,
    1.7166675488154093,
    1.7171897649765016,
    1.7172016779581705,
    1.7152052402496338,
    1.7147938887278238,
    1.7127753575642903,
    1.713464625676473,
    1.7123356342315674,
    1.7107131481170654,
    1.70960160891215,
    1.7096021095911662,
    1.7085590600967406,
    1.7064566373825074,
    1.7064844051996866,
    1.7064667463302612,
    1.705913201967875,
    1.7059509436289468,
    1.705936566988627,
    1.7064753452936807,
    1.705419405301412,
    1.7059796810150147,
    1.7054506142934163,
    1.705436611175537,
    1.7054768721262614,
    1.705481227238973,
    1.704984998703003,
    1.7049482742945352,
    1.7049824555714925,
    1.7049676100413005,
    1.7049703041712443,
    1.7049626429875693,
    1.7049833297729493,
    1.7049620787302653,
    1.7050090074539184,
    1.7050055344899495,
    1.7049944639205932,
    1.7050086895624796,
    1.7049978733062745,
    1.7050212701161702,
    1.7050013224283853,
    1.7050076246261596,
    1.7049871285756428,
    1.7050345102945963,
    1.705027953783671,
    1.7050192594528197,
    1.7050143480300903,
    1.7050145864486694,
    1.7050174951553345,
    1.7050063292185464,
    1.7044949054718017,
    1.7045035044352213,
    1.704496677716573,
    1.7044981718063354,
    1.705002450942993,
    1.7045220931371052,
    1.7045169512430827,
    1.7044849236806234,
    1.7045077403386435,
    1.704499101638794,
    1.7044951836268107,
    1.7045076290766399,
    1.7044821580251057,
    1.7045149723688762,
    1.704511539141337,
    1.704502002398173,
    1.7045332193374634,
    1.704520837465922,
    1.704502248764038,
    1.7045245488484702,
    1.7045201619466146,
    1.704505737622579,
    1.704525597890218,
    1.7045305252075196,
    1.7045230309168498,
    1.7045199950536092,
    1.7045151631037394,
    1.7045329093933106,
    1.7045239051183065,
    1.704524580637614,
    1.704526686668396
  ],
  "train_sim": [
    1.73125,
    1.7296875,
    1.7296875,
    1.7354166666666666,
    1.7286458333333334,
    1.7322916666666666,
    1.7239583333333333,
    1.7255208333333334,
    1.7244791666666666,
    1.7197916666666666,
    1.7145833333333333,
    1.7177083333333334,
    1.7130208333333334,
    1.7182291666666667,
    1.7151041666666667,
    1.703125,
    1.7088541666666666,
    1.7109375,
    1.7036458333333333,
    1.709375,
    1.7109375,
    1.7171875,
    1.7083333333333333,
    1.7015625,
    1.7119791666666666,
    1.7171875,
    1.7083333333333333,
    1.7083333333333333,
    1.7140625,
    1.70625,
    1.7088541666666666,
    1.7145833333333333,
    1.7052083333333334,
    1.7104166666666667,
    1.7114583333333333,
    1.7104166666666667,
    1.7057291666666667,
    1.7067708333333333,
    1.7067708333333333,
    1.7046875,
    1.7104166666666667,
    1.7151041666666667,
    1.709375,
    1.7130208333333334,
    1.7046875,
    1.7052083333333334,
    1.7088541666666666,
    1.7057291666666667,
    1.7057291666666667,
    1.7088541666666666,
    1.7109375,
    1.7083333333333333,
    1.7109375,
    1.7135416666666667,
    1.7104166666666667,
    1.7130208333333334,
    1.7119791666666666,
    1.70625,
    1.7052083333333334,
    1.7119791666666666,
    1.70625,
    1.7046875,
    1.709375,
    1.7088541666666666,
    1.7166666666666666,
    1.7098958333333334,
    1.70625,
    1.7088541666666666,
    1.7119791666666666,
    1.7057291666666667,
    1.7098958333333334,
    1.70625,
    1.7041666666666666,
    1.6994791666666667,
    1.7125,
    1.7125,
    1.7088541666666666,
    1.70625,
    1.7109375,
    1.7010416666666666,
    1.7145833333333333,
    1.709375,
    1.7088541666666666,
    1.7125
  ],
  "val_sim": [
    0.85859375,
    0.85859375,
    0.8583333333333333,
    0.8583333333333333,
    0.8583333333333333,
    0.85859375,
    0.85859375,
    0.8575520833333333,
    0.8572916666666667,
    0.85625,
    0.8565104166666667,
    0.8559895833333333,
    0.8552083333333333,
    0.8546875,
    0.8546875,
    0.8541666666666666,
    0.853125,
    0.853125,
    0.853125,
    0.8528645833333334,
    0.8528645833333334,
    0.8528645833333334,
    0.853125,
    0.8526041666666667,
    0.8528645833333334,
    0.8526041666666667,
    0.8526041666666667,
    0.8526041666666667,
    0.8526041666666667,
    0.85234375,
    0.85234375,
    0.85234375,
    0.85234375,
    0.85234375,
    0.85234375,
    0.85234375,
    0.85234375,
    0.85234375,
    0.85234375,
    0.85234375,
    0.85234375,
    0.85234375,
    0.85234375,
    0.85234375,
    0.85234375,
    0.85234375,
    0.85234375,
    0.85234375,
    0.85234375,
    0.85234375,
    0.85234375,
    0.85234375,
    0.85234375,
    0.8520833333333333,
    0.8520833333333333,
    0.8520833333333333,
    0.8520833333333333,
    0.85234375,
    0.8520833333333333,
    0.8520833333333333,
    0.8520833333333333,
    0.8520833333333333,
    0.8520833333333333,
    0.8520833333333333,
    0.8520833333333333,
    0.8520833333333333,
    0.8520833333333333,
    0.8520833333333333,
    0.8520833333333333,
    0.8520833333333333,
    0.8520833333333333,
    0.8520833333333333,
    0.8520833333333333,
    0.8520833333333333,
    0.8520833333333333,
    0.8520833333333333,
    0.8520833333333333,
    0.8520833333333333,
    0.8520833333333333,
    0.8520833333333333,
    0.8520833333333333,
    0.8520833333333333,
    0.8520833333333333,
    0.8520833333333333
  ],