{
  "ssim_before": 0.20357586333369773,
  "ssim_after": 0.22005123333717894,
  "ssim_improvement": 0.016475370003481205,
  "mse_before": 0.11754345893859863,
  "mse_after": 0.113749660551548,
  "ncc_before": 0.35829830169677734,
  "ncc_after": 0.3741815984249115,
  "disp_mean_mm": 0.9143485197783421,
  "disp_std_mm": 0.6732683031619628,
  "disp_max_mm": 2.8698820285326114,
  "disp_median_mm": 0.7875618568725146,
  "disp_95th_mm": 2.1960954509321176,
  "jac_mean": 0.9978910684585571,
  "jac_std": 0.09596922248601913,
  "jac_min": 0.5614732503890991,
  "jac_max": 1.6068998575210571,
  "jac_neg_pct": 0.0,
  "jac_num_neg": 0
}